segment,mae,n
B,1.0741046048404077,41
A,1.1334296794357865,94
C,1.7940853180352172,45
