scenario,volatility,return,mae,risk_abs_err_std
drop_nans,1.2235404663362421,0.1671835430014581,1.0646032921970057,1.2235404663362421
baseline_mean_imp,1.6432567790712536,0.0,1.2783168286969497,1.6432567790712536
median_imp,1.6465191914702686,-0.004409832302437522,1.283953991540887,1.6465191914702686
noise_plus,1.674944810006825,-0.09540975949834163,1.4002807298856084,1.674944810006825
noise_strong,1.6798479237943489,-0.3278397151123471,1.6973998536402768,1.6798479237943489
