scale,mae
0.9,1.2783168286969493
1.0,1.2783168286969497
1.1,1.2783168286969486
